2867625199	AHS_Highland	AHS_Highland
459882609	KOseven0	Kelechi Osemele
132592853	voiceofwitness	Voice of Witness
233089972	anthonysilva77	Anthony Silva
762013702354636800	OakIndies	OaklandIndieAlliance
14765585	robneyer	robneyer
49883265	MikeSilver	Michael Silver
771128004479062016	oakbuilt	Oakland Built
30274144	hollyrpeete	hrp
391758321	Photomatica	Photo-matica
143664456	shemarmoore	Shemar Moore
804059074027397120	HoodlineOAK	Hoodline Oakland
738814638423453696	PoliticReActive	Politically ReActive
738418560817614848	EOakCollective	EOakCollective
723243350803902464	ebyesterday	East Bay Yesterday
9336482	eilonwy8	angela tsay
17606933	djumami	DJ Umami
304679484	HamillHimself	Mark Hamill
16149312	10Deep	10.Deep Clothing
74348782	pamfunkstress	Turntable Queen
19841380	KenWayneKTVU	KenWayne
394907711	eastbayeda	East Bay EDA
2907298986	YHFlosangeles	YHF Los Angeles
278741423	DoTheBay	DoTheBay
73180769	mitchell_ness	Mitchell & Ness
18353230	linusalf	 Mike Softball 
3397858629	NorwegianUK	Norwegian UK&IE
14980657	Real_Business	Real Business
30173203	jazzybeethuggin	Jasmine
2910321896	overlandoakland	Overland Oakland
2332311606	emPowerOUSD	emPower OUSD
331833048	itsthelake	
1170068382	RayanaJay	BAD MOM
82993609	siliconvalleycf	siliconvalleycf.org
480620908	eastbaycf	East Bay Comm Fndn
61554126	jcorona44	Jose Corona
3094604045	TeamProStandard	Pro Standard
17477902	1oakALLDAY	1-[O]f.{A}.[K]ind
49258025	philanthromike	Mike Rea
2964532888	oakcentral	Oakland Central
20922014	therealelp	el-p
361372147	NickMiller510	Nick Miller
49673518	OakCityCenter	Oakland City Center
526642819	SFBARTalert	SFBARTalert
904188264	ZakSports	Zakariah
2152082259	AmariCooper9	R.I.P Freddy G
715589317	52Mack_	Khalil Mack
24555393	DeuceNot2	CHUCK II
92337601	CalArtsCouncil	Calif Arts Council
132358080	DDDGURU	DaryleTHEGURUJohnson
159375672	SheikKhan	Khandaghabadi
145383237	SmileSaidAileen	Aileen Flores
3509251093	ablackuni	A Black Unicorn
20959176	terracemartin	Terrace Martin
387187240	2DopeBoyz	2DOPEBOYZ
820058884681310208	ShibeParkTavern	Shibe Park Tavern
493535449	AAMAOUSD	AA Male Achievement
800942537083068416	womensmarch	Women's March
2812404403	madeintyo	tokyo
2837280032	hceboakland	HCEB
17225211	OBEYGIANT	Shepard Fairey
149249502	momomosaic	The Mosaic Project
2905440476	amazonecho	Amazon Echo
2272079870	Arianafaizi99	Aricado
102375372	twimemachine	Simon de la Rouviere
2950967136	YouthBusinessUS	Youth Business USA
17790911	NBCSAuthentic	NBCSAuthentic
81144601	Starter	Starter
28366607	oaklandera	Era Art Bar & Lounge
72593015	JackLondonSq	Jack London Square
2993705228	GSWfoundation	Warriors Foundation
1837930747	TonkaMonster1	Tonka Monster
2277001884	811Parliament	Parliament
45639514	OldOakland	Old Oakland District
181377737	BroadwayShuttle	Broadway Shuttle
2384255700	510ProSports	Oakland Sports Scout
559672730	PaulOverbite	Paul Goodman
746557389327859712	kidninjalos	Karlos Garibay
3222561134	bloodcenters	BCP
2254412468	BeTheMatchNW	Be The Match NW
28513475	missollie	sarah kirnon
59852127	foxoakland	Fox Theater Oakland
1550932214	KR_Foundation	Kenneth Rainin Fndn
24657506	jpanzar	Javier Panzar
1061302016	daSHANNIMAL	Andrew Shannon 3-3
17372405	KPShare	Kaiser Permanente
446958053	silvesterldn	Andy Silvester
66584310	newsortiz	Martin Ortiz
500492761	DaveKaval	Dave Kaval
141944292	Logic301	Rap Larry David
4054689858	FamilyOakland	Family Friendly OAK
2847934308	davidwelper	DavidWelper, poet
67133680	newballpark	newballpark
2254308295	OakStadiumWatch	OaklandStadiumWatch
2988975279	CrookdCityCider	Crooked City Cider
19053852	thegiantpeach	TheGiantPeach.com
767765766225534976	SneakerPopup	SneakerPopup
279876051	mlkfreedomctr	MLK Freedom Center
39854954	OaklandEdFund	Oakland Ed Fund
802730287	51OaklandNPO	51OAKLAND
752987550084575232	OaklandPromise	Oakland Promise
128288109	danahull	Dana Hull
478192520	TRAW2RAW	Takeda
26930204	SpenceWhitney	Spence Whitney
311218846	PeteSuratosTV	Pete Suratos
105260957	OaklandMarriott	Oakland Marriott CC
21765319	amateuradam	Adam Kay
579358180	TheBarhemian	Keify Be Leafy
715467741491240960	barsworkshopNYC	#BARS Workshop NYC
55365711	pharoahemonch	PHAROAHE MONCH
127315553	TMoorehead627	Tyler Moorehead
304511758	BallersBridge	Ballers Bridge
858839472	GreenLightSFBay	GreenLight Bay Area
12474412	fuzion	fuzion
395412899	Calif0rnio	Lipps
406425390	rapgrid	Rap Grid
1689037987	KnowYourselfOAK	Know Yourself
133153277	BAY_SWEETS	BAY SWEETS ENT
760940244304744449	calaveraoakland	Calaveraoakland
48488561	ESPNSteinLine	Marc Stein
96409796	rickysportsbar	Ricky's Sports Bar
19560636	SFBusinessTimes	SF Business Times
2209742392	rabiasquared	rabia chaudry
19119809	wkamaubell	W. Kamau Bell
40529173	LiaDMND	BADLil Lia From 87th
15813127	nmsanchez	Nicole Sanchez
540568749	TrillTeam6	Trill Team Six
33443586	Millionz10	Jamelle Banks
17134526	otisrtaylorjr	Otis R. Taylor Jr.
13578632	fusicology	FUSICOLOGY
121548839	Drew_BangA_	aka lil groovy
69493099	Elujay	Elu
522662681	StarlineSC	Starline Social Club
4216731554	WaffleAndVibes	Waffle & Vibes
3082506125	BtheChangeMag	B Magazine
634064749	newspioneer	The Pioneer
19147425	MaraHruby	Mara Hruby
741948968	HieroDay	#HieroDayV 2016
402779181	SOMHIERO	Souls of Mischief
4764343578	alonsabedavis	Michelle Davis
15234115	Beth_Barany	Beth Barany
19897971	jaimoe	mark hedin
23114836	UnderArmour	Under Armour
394977784	UAbasketball	Under Armour Hoops
3256984586	Educate78	Educate78
127965151	TFABayArea	TFA Bay Area
756396442324008960	OakBeerFestival	OaklandBeerFestival
2821147448	OakSmash	The Incredible Oak
30620712	akennada	Anthony Kennada
3376066540	Anthony_Ramos1	Anthony Ramos
63192345	DamonBruce	Damon Bruce
740369033019592705	SevenMinFilm	Seven Minutes
2341038000	ROOTandREBOUND	Root & Rebound
21731748	miss_haze	H A Z E L  R O S E
16419713	afropunk	AFROPUNK
462900396	brittsense	Brittani Sensabaugh
3070949556	ARTSSFO	ARTS San Francisco
338856516	_heiroo_	Ru
17306450	nicolefacciuto	nicole facciuto HGTV
46030862	e__SULLY	Sully
57559672	thequeergym	The Queer Gym
739842615491887105	ozyfusionfest	OZY Fusion Fest
360831528	trello	Trello
360945831	BlackOrgProject	B.O.P.
66908633	JoeyGuilaLive	Joey Guila
200672583	LyanneMelendez	Lyanne Melendez
622208169	KDubArt1	K-Dub
293076370	MyYuteSoccer	My Yute Soccer
3033098871	TheUndefeated	The Undefeated
262829926	NiemaJordan	Niema Jordan
116986352	MicheleRSimon	Michele Simon JD MPH
25649570	desleyb	Desley Brooks
3078558972	NoelGallo5	Noel Gallo
140555541	HavenBourque	HavenBourque
35936474	KDTrey5	Kevin Durant
305780739	Iconic_Lab	Iconic Lab
405108345	HEATWatch	H.E.A.T. Watch
1483985504	PMcCaw0	Patrick McCaw
1684946220	dameology	Damian Jones
31423964	WorldWideNate	World Wide Nate
360731302	clppng	clipping
40944646	MauiThomas	Thomas Clark
1347720282	EBAYCprograms	EBAYC
1118844384	MichaelToledo	michael toledo
31642527	itskamaiyah	ill yaya
2450418924	Aggy___	AGGYABBY
425482611	jefferysmith5	SMITTY
26972993	palstakeaway	your pal
34381878	TheTonyAwards	The Tony Awards
19093324	Chrome_Ind	Chrome Industries
97291470	CitySlickerFrms	City Slicker Farms
29875784	OaklandAsianCC	OACC
221269569	matthewisles	(((Matthew Isles)))
15908078	zentronix	Jeff Chang
19952733	MrEddieHuang	Eddie Huang
3159711265	CA2016	Copa Amrica 2016
713180527142969344	YoungHustl3rs	The Young Hustlers
37093539	DJMindMotion	  
77292827	TheThizzler	Thizzler On The Roof
2271284180	derekcarrqb	Derek Carr
