579325028	skymejias	sky
1170068382	RayanaJay	BAD MOM
3303635040	ashlangrey	
51804311	DAISYHAMELBUFFA	DAISY DAISY DAISY
712043881370615809	jaysomband	Jay Som
318639168	JohnMTurturro	John Turturro
766421340597456896	C_LLL_APS	CLLLAPS
19616093	samosoundboy	Samo Sound Boy
2446455097	spookyblack	corbin
966729216	beatsbynav	Nav
4755640741	dessert_usa	Dessert
2240296555	JabariManwa	Jabari Manwa
1976466296	ocsavvascoocsav	Vasco
298682376	zackvillere	froyo ma
275778187	ashley_ket	ashley koett
1932982448	michaeluzowuru	michael uzowuru
251304535	RLGRIME	RL GRIME
46498010	DJSamFrench	Sam French
77578426	TeoHalm	teo
308882027	PinegroveBand	&&&&
430354718	merlynwood	ThatsSoMerlyn
1699029810	jarreauvandal	Jarreau Vandal
25207116	royblair_	roy blair
33654011	rizmc	Riz Ahmed
1314672745	stevelacys	steve lacy
1739829048	DanielCaesar	Daniel Caesar
44000984	shlohmo	shlohmo
346750592	youngmrclean	DJ LUCAS
3394069576	russfrumfrunds	Ross From Friends
15858184	yungskeeter	TREVR
1604537340	DJDODGERSTADIUM	DJDS
200155372	albertgordonBH	Natalie Green
18514879	DrewsThatDude	DrewsThatDude
928219752	DalrympleWill	William Dalrymple
14140874	leninstomb	Chris Kelly
46458839	nateD4E	Nate DAE
116358275	Cajoleas	Chris Cajoleas
81646817	sydegee	s y d n e y
297469364	D33J	D33J
130557513	mehdirhasan	Mehdi Hasan
84816752	MazMHussain	Murtaza Hussain
27605306	nomizeichner	Naomi Zeichner
114568890	MixedManagement	Mixed Management
45933375	Sulaiman_	Sulaiman Ali
544776339	WeDidIt	WEDIDIT
64733526	kikomerley	kiko
524562312	AmeerVann	ameervann
15937109	henocksileshi	hk
619278612	BandryBarry	Barry Jenkins
777013861648044032	AshDSanders	Ashton D Sanders
207236705	SineadHarnett	Sinad Harnett
17904774	JeromeLOL	Jerome Potter
21261880	RajujuBrown	Rajuju
159589774	watchbbg	BBG
326823137	emilyreo	emily reo
490698566	MeloZed	Melo-Zed
224431192	DaPdabeatX	Da-P
18648936	mikosdagawd	Mikos
384831590	montebooker	mon tea
1852644804	thegreatkhalid	Khalid
605171850	iKyleDion	Kyle Dion
103620415	willazcona	DJ GET EM WET
103089642	Benhawkdown	Ben Venice
18988304	baauer	Aa
250256621	EltonSherman	Elter Skelter
755180672298344448	Sonder	Sonder
367355195	brentfaiyaz	Brent Faiyaz
223885276	OzzyForMayor	Osman Noor
273236608	superduperbrick	brick
24831763	thomaslardner	thomas
34980173	joycewrice	Joyce Wrice
23324892	SoGallant	Gallant
44196397	elonmusk	Elon Musk
1113323300	WavyBruh	Zach
19895282	arrahman	A.R.Rahman
125583924	Mr_Camron	Cameron Giles
101311381	iamsrk	Shah Rukh Khan
251433567	NoiseyMusic	Noisey
43392158	LastGangEnt	LAST GANG
270016553	bengalichai	Shannon Khalid
463940968	Kindness	Kindness
4900418302	brextoncre	Brexton Commercial
16364095	CraigSJ	Craig Bro Dude
29681648	MOBOAwards	MOBO AWARDS
268061683	MrJonasLeon	Jonas
2879948613	oshimakesmusic	oshi 
20087375	AGSpinelli	Adrian Spinelli
634876303	Odd_E_Raw_Jew	Adi
22079982	_anupa	
114885016	FerrariJetpack	clayton blaha
2943395824	demotaped	 demo 
18700005	Beewirks	Curve Vonnegut
2465847968	MRMOMOJI	hiko momoji
310679156	diljitdosanjh	DILJIT DOSANJH
16088870	joshtonpeas	Joshton Peas
24783019	JonTanners	Abraham Link'n'Build
23256347	ava_flaaav	Ava Coleman
18887980	chadfrombrain	limited daps
274270573	ace_cosgrove	Ace Cosgrove
21700979	shoegays	content-aware
57238280	MistaSelecta	SELECTA
24480432	TreBanks	Tr Banks
494590340	Nathan_RSmith	Nathan R. Smith
1921688424	asia_burris	Asia Burris
47413610	LindsayHart_	Lindsay
250144805	ramriddlz	Mr. Ramrod
26197736	GabeNiles	#RBLE | Sunny & Gabe
18816465	aoutrageous	Ashley Outrageous
16975413	AnikKhan_	Khanfidnce
61256030	mattVISTA	ItsJustVISTA
3061527456	Tajannnn	Tajan
115640267	jamzsupernova	Jamz Supernova
22497120	daisyjarrett	Daisy Jarrett
332579773	marcomckinnis	MarKus
3068406015	lotannaob	lotanna
23665743	maqstunna	tebs maqubela
89482560	ericzawo	eric zaworski
2285540658	mitskileaks	mitski
200376194	Stolzieren_	21 SALVAJE 
174525898	alimashqur	ali
26046355	chizzychoZen	ChoZen
17799879	achutei	ashish chutei
19529578	khalilasmall	Khalil Livin' Proof
467685277	carlos_waters	Carlos
18511475	TalibKweli	Talib Kweli Greene
20450186	HIMANSHU	hellboy heemy
277244259	TylerHenryEF	Tyler Henry
1311301320	SIMBAmusicUK	SIMBA
71027452	XvrOmar	Xavier Omr 
384535802	ChuffMd	C h u f f
31431646	cisceroo	Ciscero
95843815	sincerely_april	april george
235126712	MarvinsCorridor	jesse bernard
76131466	brysontiller	tiller
968937206	mura_masa_	
526205788	HGMNY	HGMNY
243735089	joshxarce	josh arc
18519494	thewhooligan	The Whooligan
62499234	TakuBeats	Ta-ku
27751995	ToyWearsDaPants	toywearspants
385198092	Conner_YngBlood	Conner Youngblood
86196325	faysal_matin	Faysal Matin
347802136	diversamusic	davidson
2293471885	NPRandB	Ill Take You There
1542594169	dylanminnettee	
962227788	thisjlouis	J-Louis
14236207	clash_music	CLASH
102019060	eyedress	EYEDRESS
1061918948	penthouseLA	penthouse penthouse
19550099	SOBs	SOBs
2472776029	EmilyeOberg	Emily Oberg
1110315240	JOBAISREAL	JOBA
594908427	himattchampion	matt champion
280233451	KianaFitz	Kiana Fitzgerald
45940731	laurennostro	Lauren Nostro
591088856	afeelya	
2222035634	joescagley	Joe Hadley
391652278	RevaDeVito	reva devito
18433488	dkthepunisher	D.K. the Punisher
278103912	DoubleDuzIt	Fully Loaded.
14813460	euIVmusic	eu-IV
291991947	ChadHugo	Sic Semper Tyrannis
18745886	Versetti	Eddie Smith
2790273073	GravezMusic	Gravez
20893512	NickelusF	Bison Beckford
110001463	wrobillardcole	William
122561672	Closed_Sessions	Closed Sessions
1046353465	ImEliul	Eli
1089512508	ChazFrenchMusic	Chaz French
194368120	Di_T86	Di Tang
18922817	JazzCartier	Jacuzzi
22893600	MixedByAli	Ali TDE
52735505	LilyMercer	Lamborghini Mercer
568523404	KarmaKid2	Karma Kid
273968550	starRo75	starRo
18961913	AlexDaKid	Alex Da Kid
197282680	JonWaltz	Jon Waltz
33030436	LittleSimz	she
112959509	PNCINTL	PNCINTL
18380532	AnwarCarrots	Anwar Carrots
362962333	TheConstant_G	Constant Gardner
28946209	vanessaelisha	Vanessa Elisha
21147009	monisismissing	Monis Khan
18033816	PigsAndPlans	Pigeons & Planes
18662613	andrepower	andrepower
429792050	JonahBaseball	
2229587215	LouieLastic	Louie Lastic
815060786	aywymusic	aywy
261072567	banacrisp	briana cheng
52089775	LanceNeptune	LN
1200220290	stwosound	Stwo
106562658	SangoBeats	Sngo
33313135	ramyavelury	Ramya
18276827	LAKIMisAlive	(LALALALA) LAKIM
59815232	trmmll	Matthew Trammell
1109356604	danieldorsa	daniel dorsa
187295884	tiffanycalver	tiffany calver
72718751	dharmicX	Mae Hindu
86158435	sidsriram	Sid Sriram
201429743	_astronautica	Astronautica
