1258035476	MisbehavinMaids	Misbehavin' Maidens
757264610240163840	TitanicHoops	Titanic Hoops
829340831647723520	Hazelnut3000	Marcus P. Hazelnut
807310362	WBCBaseball	WBC Baseball
3111022455	AUAlphaSig	AU Alpha Sig
15097102	TRiceMerritt	Tom Rice
16560043	sprintcare	Sprint Care
42998664	gigamon	Gigamon
18632483	MerrittGroup	Merritt Group
221265822	fidelcasbro	Josh Garcia
148777871	GEICO_Service	GEICO Service Team
271717827	RobertOlker	Robert Olker
14104847	comcastcares	ComcastCares
6296352	casoface	Indierock Radio Hour
2873161755	HustleGrindCo	Hustle & Grind
726464500753379328	TheWalskingtons	Walskington Wedding
101682787	wiseguy_pizza	Wiseguy Pizza
22050100	QuantumWork	Quantum Workplace
84356022	GetSplashRadio	Neptune Splash Radio
145835700	Chromeo	PUNCH A NAZI
4669691593	WWESubway	Subway WWExperience
57328888	WorldofIsaac	Isaac
235817288	stefanie_wins	Stefanie Mueller
364460082	TerrapinHoops	Maryland Basketball
21733258	MBOpartners	MBO Partners
30293332	DCDPR	DCParksAndRecreation
887084280	JobsinSosh	Social Media Jobs 
18755487	gaspedal	GasPedal
284780847	ItsTheShadsy	Phil Salvador
154302527	mickey_snow	Mickey Snow
211872179	BSSCMP	Basscamp
21821518	rotimodernmed	Roti
2579162167	CFATysonsWEST	CFATysonsWEST
1081562149	Seinfeld2000	Seinfeld Current Day
1954392678	JeauxVechkin	Jeaux Vechkin
22018794	Barsyames	Kevin Hilgers
2667145646	kalaboxme	Kalabox
404322913	dchrDC	D.C. Dept. of HR
309045688	311DCgov	DC311 (32311)
633228680	PotbellyService	Potbelly Service
310703164	kim2point0	Kimberly Counes
7184662	thespophile	Jeanie McAlpine
1610480430	ANC3B	ANC 3B
110806725	rheasmirlock	Rhea Smirlock
61581659	TracyHaupt	Tiny carnivore
611458512	DrawPlayDave	Dave Rappoccio
2840743582	asarajian19	Ara
31444922	dominos	Domino's Pizza
14209743	sfickus	Stevan Fickus
348461672	kellmanator	Brian Kellman
2610369834	LMOdigital_	LMO Digital
13887862	designbyblake	Dan Blake
2743498426	klizzynerd	Liz
2547395660	CrushFunk	Crush Funk BrassBand
33057786	aginellej	Ginelle Jurlano
274171139	grantskalak	Grant Skalak
28250356	chrkirk	Chris Kirk
154275794	AraKeghetsig	Smallz
561449050	kalamuna	Kalamuna
37435412	VerizonSupport	Verizon Support
172563921	FrankBritton	Frank Britton
2236635842	comcastterence	@comcastterrence
1322986056	NYRCenterIce	NYR-CenterIce
1249645549	Katy_ShipleyHC	Katherine Shipley
1446779797	cognosante2013	Cognosante
47350535	djesby	Dan S.B.
88493999	LenDiscenza	Len Discenza
59116309	allie__jane	Allie
2176792495	AliGRezurection	Ali G Rezurection 
164768029	Nurph	Nurph
293045949	CircleBackApp	CircleBack
160652030	dudzmc	cind
454935982	adamradkins	Adam R. Adkins
172887151	RealMickFoley	Mick Foley
109782297	TerrelltheGreat	Terrell Fuller
212306667	brownderbies	The Brown Derbies
40957303	andrz003	Dana Andrzejewski
1167244873	HarpandFiddle	Flanagan's
194579852	WhiskeyGP	WhiskeyinGloverPark
2256023923	HenriettaAlves	Henrietta Lee Alves
92162698	simplymeasured	Simply Measured
16298441	dril	wint
73005086	sherriannegreen	Sherri Anne Green
2175862624	partooza	Billboard Roadie
540920045	PNCBank_Help	PNC Bank Help
1888070654	MatthewVanHoos1	Matthew Van Hoose
9820242	Captivate	Captivate
36171666	38Godfrey	Steven Godfrey
450097752	TravelerBeer	Traveler Beer Co.
26618923	Dgimbz	DGimbz
361214319	mikekap3	Mike Kap
14850955	HowStuffWorks	HowStuffWorks
19087696	fcroftcaderao	Flip Croft Caderao
20447457	jeremysynz	Synz
142325093	DigitalSummitDC	Digital Summit DC
15473958	MarsCuriosity	Curiosity Rover
1444850156	preamp	Preamp.fm
733118022	gathr	gathr
507789758	Goodshuffle	Goodshuffle
15266241	nclud	nclud
748161307	CocoCaray	coco caray
28301551	ZackRyder	Zack Ryder
16874320	LMurphyDC	Laura Murphy
1000262514	SeinfeldToday	Modern Seinfeld
870942600	WallpaperDC	WallpaperDC
210976707	PLASTICPLATES	PLSTCPLTS
15794847	kennedy_karate	Kennedy
1261917115	Neal_Fersko	Neal Fersko
238149480	DustinRubin	Dustin Rubin
55553	ziasami	Zia Hassan
22486066	ItsBrookeRyan	Brooke Ryan
237836203	NormalTweetGuy	Normal Guy
16789753	Steve_Gilroy	Steve Gilroy
118472792	ezeddaly	Ed Daly
380523396	JeffCYDC	Jeff Franco
1089957721	WMarieTx	Whitney M.
130590856	iquillen	Ian Quillen
242934322	lexjohnstone	Alexander Johnstone
48849046	OldHossRadbourn	Old Hoss Radbourn
85335489	dc9nightclub	DC9
23676474	rtysonsguy	Robert Wofford
915999542	ChelelsBells	Daniel Chelel
462089425	RockInTheHall	RainesInHOF
281254183	stephensoldner	microbes
483868950	therealjbraun	J
710963455	BadJokeCat	Bad Joke Cat
116626207	thesweaterset	The Sweater Set
19787040	rocknrollhotel	Rock & Roll Hotel
955642932	DannySheridan18	Danny Sheridan
319252118	e8stewie	Eric Stewart
305134850	FlashGilbert	Zachary Gilbert
15531669	rachelcannon	Cannon Fodder
100287881	donkimsays	Don Kim
190469257	jnickbarone	Nick Barone
46222389	WNCathedral	National Cathedral
38103536	brendlewhat	brendle
180850710	District2Bar	District 2 Bar
117184874	NannyOBriens	Nanny O'Briens
78084813	USAirways	US Airways
563119469	DuPontBrassHU	DuPont Brass
722913901	jkpatt	Julia Patterson
15234542	dcsportsbog	Dan Steinberg
232914203	tweriod	Tweriod
395033138	TheBroadwayHat	The Broadway Hat
624714803	AU_PepBand	AU Screamin' Eagles
165955427	askkassidy	Kassidy
14235650	DellaVolla	Wesley
432525596	CarlaBultman	Carla Bultman
64054870	Cundin	nano gil
65454881	travisbernard	Travis Bernard
43385204	Miss_Emmie	Emmie Lancaster
522747459	maeve_mcdermott	Maeve McDermott
37710752	BillNye	Bill Nye
363270656	MasonInnDC	Mason Inn
32752585	ChristianABerle	Christian Berle
377572961	theknoxhill	Knox Hill
44054684	Radulfus	Kevin Ralph
320188158	GP_Softball	Glover Park Softball
14294848	snopes	snopes.com
6668612	Pavahotti	Matt
27155283	lanieteppy	Ilana kein
69084196	BMF125	BMF125
43197610	twelpforce	Best Buy Twelpforce
91869749	dj_madscience	DJMadScience
50909362	kevindelury	TheNYRBlog
14414230	RudyTheParrot	Rudy the Parrot
18326300	DJJackieO	DJJackieO
14686865	thenewdumb	Juan Muniz
38173098	TommyCornelis	Tommy Cornelis
21476876	keenanorr	Keenan orr
80957405	jay_jaffe	Jay Jaffe
14229925	mr_meticulous	Suirem
378035507	pirogcommamike	Mike Pirog
28016498	EricWhitacre	Eric Whitacre
86584066	glutard	Mary Jane
19725644	neiltyson	Neil deGrasse Tyson
146166341	MAnderson74	Matt Anderson
300550740	FriendFromHS	Your Friend From HS
213687893	SpotifyUSA	Spotify USA
55103975	DBFever	David Braatz
336116660	JerrySeinfeld	Jerry Seinfeld
21784119	StevenYates	Steven Yates
38468721	JamesCoston	James Coston
73009664	OnASensualNote	On a Sensual Note
239038201	VolinNoVa	Adam
120892393	Im_Tricia	Tricia
238200970	AngryPatBateman	Patrick Bateman
112729580	gloverpark	Glover Park
261398064	VoltaBureau	Volta Bureau
29359866	jadis86	Mike W.
12377572	ICUC	icuc
261982138	Sharkadina	Sharkadina
44183122	SocialMediaOrg	SocialMedia.org
258112401	djfayo	DJ Fayo
167150625	themetaphysical	Ed Metaphysical
17069741	IrishPride	Reilly Brennan
18044327	alisakasmer	alisa kasmer
34361009	jackneill	jack neill
167264412	APtheMusical	American Psycho
51295996	MrPaulCook	Paul Cook
