2156218140	susmitchakrabo1	Aamir Khan
612190532	britrbennett	Brit Bennett
304582290	JenLWang	Jennifer L Wang
72697903	wp4mql	rafael pastor
6109812	avitti	Antonio Vitti
2253088483	TheHKPieGuy	TheUltimatePieGuy
102615836	thejadechang	Jade Chang
2584781368	gchungy	Grace Chung
1254896174	kevinkwanbooks	Kevin Kwan
28293984	CLK55	Riot Nrrrd
58027303	reemakhrais	Reema Khrais
11541852	tvt1968	tvt1968
713208673	Mr3rdWardTrill	Black Tommy Pickles
29990600	PurplePRCulture	Purple
65681735	GroundLink	GroundLink
63158113	BoltonValley	Bolton Valley
47949944	SkiMagicVT	Magic Mountain
23496474	jaypeakresort	Jay Peak
48212062	MadRiverGlen	Mad River Glen
2856030754	kathrynallenmd	Dr. Kathie Allen
166406609	jillmfarq	Jill Farquharson
47717100	lucaspeterson	Lucas Peterson
166849394	lennyxpinto	scarafaggio
48982570	Raypolit	Ray P
763125048	mrdougellin	Doug Ellin
381783887	mrkevinconnolly	Kevin Connolly
154444406	jerryferrara	Jerry Ferrara
20221159	jeremypiven	Jeremy Piven
107795399	adriangrenier	Adrian Grenier
221554078	ohheytheremere	Meredith Carey
14226495	JetBlueCheeps	JetBlue Cheeps
280794216	vconneely	Vanessa Conneely
13784592	nprmusic	nprmusic
2794311806	tomstringell	Tom Stringell
2356966435	DrOlaf_	Dr.Olaf
1548789242	Ocean_Allison	Ocean_Allison
2905618032	Claire_Simeone	Dr. Claire Simeone
65497475	eugenegu	Eugene Gu, MD
34115998	lldarling1	Lisa
3166222001	JamesSmith1830	James Smith & Sons
87899852	TravelPulse	TravelPulse
388952247	AFnewsroom	Air France Newsroom
106062176	airfrance	Air France
21001013	GOBankingRates	GOBankingRates
79941203	jakobyoyo	Jacob Chen
190682500	Gabbsssss	Gabriella
12044602	Schwarzenegger	Arnold
740535131807571968	rachlv112	Rachael V.
17906632	WTOP	WTOP
13918492	fox5dc	FOX 5 DC
14897840	ABC7News	ABC 7 News - WJLA
14980820	nbcwashington	NBCWashington
264924050	shomaristone	Shomari Stone
763354301192429568	TheMillennial_Y	The Millennial
70884300	NobuWaikiki	Nobu Honolulu
62937352	princewaikiki	PrinceWaikiki
78168709	OutriggerWaikik	Outrigger Waikiki
16671972	OutriggerResort	Outrigger Resorts
60790278	Waikiki_Parc	Waikiki Parc Hotel
342941226	ModernHonolulu	TheModernHonolulu
749939977	HalekulaniHotel	Halekulani
2894430865	zagmom90	Zagfan90
77746097	justthedan_	the Dan
27165334	Kimberzz	Bee Funky
45921347	heyromantica1	Allison
205580763	nickfountain	Nick Fountain
38022359	danyele02	S.E.
84379858	kapil_javeri	Ordinary
3318318912	Mitch_John573	John Mitchell
228461544	FemFema	Fem
3308358681	vanlag1968	Kelly VanAuken
153101070	Miseducation_KL	Kendra 
2223987000	mkeverywhere	MK
2476456489	BizGlobetrotter	Biz Globetrotter
187524415	Tifflonn	Tonya Rader
1468595654	Trytheworld	Try The World
19252883	CookIslands	Cook Islands
3108351	WSJ	Wall Street Journal
823420	kevinm13	Kevin Maher
45591316	anniemdaly	Annie Daly
31124634	bellevaness	Vanessa
3571001	ericchfu	Eric Fu
17146845	richardbangs	Richard Bangs
207600050	a_MarieJones	re-education of me
37847761	ajaydeepak	ajay deepak grewal
15051557	susfeed	(o)
436904357	yossi8519	Yossi8519
18567416	HappilyNappyMe	Analog Girl
19468168	drgoddess	Dr. Goddess
4337542634	Ziggy0036	Ziming Song
21102895	AmyTaraKoch	Amy Tara Koch
24536370	my_belonging	tommy lei
1053330463	JulieLoffredi	Julie Loffredi
41887842	NoRemorse8	Isabella BaumbenFREE
1325038969	HighYaReviews	HighYa
2147523260	Gabriel_Airfare	Gabriel
537218617	BBCTravelShow	BBC Travel Show
54510875	atoutfranceukpr	Atout France UKPR
34176543	thepointsguy	The Points Guy
125525627	vestaaa	Vesta G
26693065	illmatickal	KF
4360352117	Starwoodfr_pr	TeamPRFranceStarwood
65309205	MeridienEtoile	Le Meridien Etoile
4818214831	always5star	Always Five Star
127671725	Kikiiziita	Kiki
91916908	DanaArschin	Dana Arschin
65535016	txxiieal	Fineapple  
3115815990	hlashley926	Heather Ashley
110231225	kyra_j215	Kyra
87818409	guardian	The Guardian
12811952	Suntimes	Chicago Sun-Times
569540227	Captsully	Sully Sullenberger
3729658880	SullyMovie	Sully Movie
18695490	HrishiHirway	Hrishikesh Hirway
2227275901	BoJackHorseman	BoJack Horseman
1965079424	chakraverde	chakra verde
19297158	aimeepicchi	Aimee Picchi
192741346	PearsonA22	Glammom
2514591456	TimPhamWRCB	Tim Pham
2830980198	AlexanderQuon	Alexander Quon
27300059	KYsFinest37	Mateo de la Mancha
1601686212	sanpakublues	Semaj
26636186	Lucyy__G	grace
102566376	hanbae	Hannah Bae
143822411	VisitBath	Visit Bath
529666603	abbeyhotelbath	Abbey Hotel Bath
57281704	thermaebathspa	Thermae Bath Spa
179546792	royalcrescent	Royal Crescent Hotel
3248042734	GainsBathSpa	GainsboroughBathSpa
132287175	PinesFISocial	FireIslandPines
4883899200	FlyStillwaterOK	Stillwater Airport
214584622	SusanAndrewsLA	Susan Andrews
428872967	MilfordLopez	Milford Lopez
274898227	Mary_Nam	Mary Nam
27050469	MollyShenKOMO	Molly Shen
36779827	ShelisaM	BurntGucci
16844346	_illy__	illy
49491988	_MsHoliday	JustCakz
35832912	ConnieKOMO	Connie Thompson
23413363	KoreanAir_KE	Korean Air
179569408	DublinAirport	Dublin Airport
25792111	QantasUSA	Qantas Airways USA
20626359	VirginAtlantic	Virgin Atlantic
82949854	petahjay_	PJ
49156067	xnevin_	Nevin Spearman
51951241	xGooN187x	Sweet Relief
21717974	ily_b	ily
23500338	TravelingToniC	Toni Connelly-Velasq
4244562435	travelmorewless	Travel More WorkLess
934941804	A_Phreshhh	Nikes
816187080	dvrnb	dvrnb
33965033	digitalmktninja	faizan ali
72520597	MuseeLouvre	Muse du Louvre
1679349163	harperrenee87	Harper Renee
255839584	VelaKnowsTravel	Vela McClam Mitchell
14323051	carolinekerr	carolinekerr
14058453	EllenKelly	Ellen Kelly
15984262	Giraffe1	John Frazier
23343856	jadoreanais	Brittany Chamberlain
21815800	czahorsky	Carol Zahorsky
16192762	TheAtreborGroup	The Atrebor Group
28820829	gretchenkelly	Gretchen Kelly
63295285	KenEllens	Ken Ellens
15945358	miacaseysachs	miasachs
18649829	Rose_Abello	rose_abello
248862158	JerryAllenTrave	Jerry Allen Travel
166607010	DeltaNewsHub	Delta News Hub
196095122	Mathuluxe	Mathura Premaruban
14571678	LuxuryCruiseCo	Scott Anderson
331140934	JackieSFinch	Jackie S. Finch
36454246	heliyes	Jane Carswell
25334618	xoadrien	Adrien Glover
14634291	safesolvent	Martin Reisch
592075489	KroonFiorita	Gitta Kroon-Fiorita
17941664	gbain	gbain
25253084	TrentonJason	uou uos
43681853	kimmisan5	Kimmisan Mitchell
93948122	thegov2k2	Michael Beese
618973	musoSF	Mike
263822881	BQPham	Brandon
20802090	rachelaveryy	Rachel Avery
22451948	Julie_Weed	Julie Weed
2372242664	TwoCentsLH	Two Cents
291488537	thewildwong	Kristin Wong
2983056514	amilchling	Allison Milchling
445191878	rene1478	Rene Gonzalez
44642135	WebRoyal	Christopher Sands
47349027	odaniels59	Owens Daniels
282181368	DamianVanore23	Damian Vanore
2377480808	MustBeTheMeds	Brian Smith
3029387956	BadJordon	Digital Jrdn
3731828659	lrl0929	Dorothy Zbornak
15832032	thedavepepper	David Pepper
1599966798	MimTesser	Tim Messer
94367083	CrittendenAU	Trey Crittenden
2467943218	nta71	Joe Blow
30799753	Maniak_JayTwo	Jason
2230873010	_VisualVixen_	Visual Vixen
46086849	mseric	Lisa Lemon
2817944732	darksidedeb	arksideeb
