250180619	JoeCurciWOR	Joe 'Baboots' Curci
834595119517020161	robgsellman	Robert Gsellman
16252118	NYPost_Mets	Mike Puma
2827427010	TimFinn521	Timothy Finnegan
369824054	AbbeyMastracco	Abbey Mastracco
34409137	McCulloughTimes	Andy McCullough
1247773789	ynscspds	Yoenis Cespedes
818238024	lamelaza_7	Jose Reyes
211321066	PhilHecken	Phil Hecken
1427891330	ToddRadom	Todd Radom
1453342771	GrafixJoker	Joe Maracic
989991438	bsblcardvandals	BaseballCardVandals
39344610	MLB_PR	MLB Communications
57411027	stluciemets	St. Lucie Mets
25550748	BKCyclones	Brooklyn Cyclones
186068701	LosMets	Mets de Nueva York
68449573	baseball_ref	Baseball Reference
14747221	enosarris	Eno Sarris
14344140	darenw	Daren Willman
16036624	Ackert_NYDN	Kristie Ackert
19556528	SNYtv	SportsNet New York
272409215	TylerJonHorvath	Tyler Jon Horvath
41591898	Joelsherman1	Joel Sherman
90959399	Ken_Rosenthal	Ken Rosenthal
751933484575305728	Wally_Backman6	Wally Backman
63796828	verified	Twitter Verified
22037861	mccoveychron	Grant Brisbee
135947004	sportslogosnet	Chris Creamer
22829525	UniWatch	Paul Lukas
82678132	mike_petriello	Mike Petriello
118605142	TimHeiman	Tim Heiman
80137104	SteveGelbs	Steve Gelbs
85945067	AlbaneseLaura	Laura Albanese
404312938	kateefeldman	Kate Feldman
14633871	jareddiamond	Jared Diamond
361351581	Noahsyndergaard	Noah Syndergaard
2265004020	LindaSurovich	Linda Surovich
16832435	ByJamesWagner	James Wagner
2685282691	ColaFireflies	Columbia Fireflies
1512145544	TheRealSmith22	DOMINIC SMITH
36725909	LasVegas51s	Las Vegas 51s
704467028925665281	BP_Mets	BP Mets
325781175	Astromets31	Astro
34590980	andrewlbeaton	Andrew Beaton
1561953199	mi_guardado	Maria I. Guardado
37712997	Marc_Normandin	Marc Normandin
46425950	BucsDugout	Bucs Dugout
2713951	erikmal	Erik Malinowski
43393720	MetsBooth	Mets Booth
47108315	Studi_Metsimus	Ed Leyro
23028409	RumblePoniesBB	Rumble Ponies
15426643	lizroscher	Liz Roscher
723517166	JdeGrom19	Jacob deGrom
3022822074	FigSNY	Nelson Figueroa Jr.
2788841858	BarryBonds	Barry L Bonds
15739207	baseballpro	Baseball Prospectus
41753590	pdepo	Paul DePodesta
487848229	MetsGM	Sandy Alderson
1315362415	tanous_tom	Tommy Tanous
215367759	ian_s_levin	Ian Levin
287498982	TheRealTJB	TJ Barra
16037600	jessespector	Jesse Spector 
94839848	craigcalcaterra	Craig Calcaterra
18278257	jonahkeri	Jonah Keri
301459595	robertbrender	Robert Brender
110254266	alxnelson	Alex Nelson
27315969	royalsreview	Royals Review
1938014665	campfirebot	cfbot
15025802	matthewcerrone	Matthew Cerrone
35510728	DPLennon	David Lennon
446767133	CollectTheMets	Collect the Mets
140107896	danhaefeli	Dan Haefeli
561516199	timmarchman	Tim Marchman
171346034	david_j_roth	David Roth
55851119	Baer_Bill	Bill Baer
39257389	michaelgbaron	Michael Baron
29278059	BillPetti	Bill Petti
17962664	TwinkieTown	Twinkie Town
24346793	truebluela	Eric Stephen
21941423	LookoutLanding	Lookout Landing
17845694	bleedcubbieblue	Al Yellon
17831093	CrawfishBoxes	The Crawfish Boxes
17947488	federalbaseball	federalbaseball
192621702	SteveSypa	Steve Sypa
1171874970	_robcast	robcast
30804490	bgrosnick	Bryan Grosnick
22045036	gregkaram	Greg K
96668746	cstroh8	Chris Strohmaier
269098097	sschreiber13	Steve Schreiber
276672049	jeffpaternostro	Jeffrey Paternostro
28221763	AaronPYorke	Aaron Yorke
221486885	tpgMets	Chris
19733963	maggie162	Maggie Wiggin
151353772	butnotanymore	
18782971	djshort	D.J. Short
37689091	KenDavidoff	Ken Davidoff
146461930	msimonespn	Mark Simon
21731967	MattEhalt	Matt Ehalt
16353477	Mike_Vorkunov	Mike Vorkunov
1068733424	sbn_community	SBN Community Corner
34410527	MarcCarig	Marc Carig
787347146	SBNationMLB	SB Nation MLB
156311512	chrismcshane	Chris McShane
50694512	CatsmeatP_P	Catsmeat
194661176	myfriendkatye	McCarthy
386175131	voxmediainc	Vox Media
39367703	Mets	New York Mets
56855530	AnthonyDiComo	Anthony DiComo
16364983	chrismchaines	chrismchaines
5722742	Bankoff	Jim Bankoff
16745015	SBNation	SB Nation
34657491	OGTedBerg	Ted Berg
15653989	samtpage	Sam Page
