3068690196	DivergentCIO	Brian E. Thomas
2339030118	LindsayCobb_	Lindsay Cobb
130939740	ShorterCR	Christina Shorter
61989560	UsefulArts	Dave Wieneke
137489183	Carldavis94	Carl Davis
712758940006744065	vtcaninenberg	Vincent Caninenberg
434899721	JanineWegner	Janine Wegner
35803565	humanrights1st	Human Rights First
44418085	amandaestone	Amanda Stone
416459582	Jani_Jaakko	Jani Hellstrm
583998466	Nisalahe	Niddal Salah-Eldin
2415596948	pinjaerika	Pinja Virtanen
14987456	brooklynmutt	Peter Wade 
22108128	austinwoman	AustinWoman Magazine
10468092	hanspfo	Hans Petter Fosseng
17450598	victoriagarza	Vicky Garza
7918882	thedigitalbird	Lisa Munoz
863571	kdando	Kevin Dando
66992843	KKellyMSU	Katie Kelly
45786795	martinuteng	Martin Uteng
15223619	sardire	Steve Ardire
30778312	karlakho	Karla Khodanian
470796327	mollykorroch	Molly Hunter Korroch
208739281	TMConiglio	Terry Coniglio
29856524	justinmcolucci	Justin Colucci
329660044	Woodleyipt	m. woodley
18831440	mic_schmidt	Michael Schmidt
14552036	lagatamontesa	Katherine Trujillo
21586778	kellyryanobrien	KELLY RYAN OBRIEN
434236851	WJeffreyBrown	Jeff Brown
2801620243	InboundJack	Jack Rowley
49638776	KristiinaSofia	Kristiina Tolvanen
1652193348	ErloelCC	Erloel C.C.
130948651	youngsocialco	Young Social
369195066	CharmedMedia	Julie Schneider
367990636	jordanfriedman8	Jordan Friedman
23195951	mindtriptravel	Rita Colorito
1916363274	Interstandards	IBSO
26167374	sidbarcelona	Sid Barcelona
53429839	jaredbkeller	Jared Keller
62783	andysternberg	Andy Sternberg
23912745	emmalow	Emma Lowenstein
15347377	katewathen	Kate Wathen
14334580	heatherg	Heather G
597768555	nwquah	Nick Q
19252513	rasheencarbin	Rasheen Carbin
46970523	nickimayonews	Nicki Mayo
2734241886	kenfarnaso	Ken Farnaso
18831946	zanneslaw	Madaline Zannes
3119640659	mar_ce_la_88	Marcela Aguirre
1400258503	t0nyh0ran	Tony Horan
2820784397	15minsjamieb	JamieBerger/15mins
19199474	ebethsorrell	ElizabethSorrell
2649978313	DebComanWriting	Deb Coman
15504419	KelseyProud	Kelsey Proud
1632193579	Launch_Code	LaunchCode
48450784	NextNate	Nate Regier, PhD
327779531	IRPonline	Intl Reporting
27164642	WilliamColvard	William Colvard
36569700	Sebauyanet	Sebastin Auyanet
18485629	MGuilfoyle	Michael Guilfoyle
1912251	tracyrusso	Tracy Russo
46831965	stuartleo	Stuart Leo
4337033841	zorcecouk	Ian Gibbons
56651189	eleanorhong	Travelnabi
2413338488	jennn_1jackson	Jennifer Jackson
36889519	RaminNasibov	Ramin Nasibov
107186754	JamieOGrady	Jamie O'Grady
313493727	rhookinitiative	Red Hook Initiative
98143483	lipi_meh	Lipi Mehta
466765924	a_kaliner	Aaron Kaliner
15803250	peterlattman	Peter Lattman
417860399	inform_ant	informant
80874881	georgeleventhal	George Leventhal
3294203712	georgeenespanol	George Leventhal
822301405	yuungcoconut	Liquid Spirit
88023896	jrsegal	Jeff Segal
25230340	wenhwu	Wen H. Wu
1632851670	MrPatrickHammer	Patrick Hammer
47430888	ggronvall	Gigi Gronvall
9595542	FCLKorver	Frank Krver
508340744	wherewomenwork	Where Women Work
4805891835	CaporasoKelly	Kelly Caporaso
1505824603	reginadoumit	Regina Smith
198562005	zoecklewis	Zoe Lewis
52732535	shaunajmiller	shauna miller
633326269	JohnGLynch	John G Lynch
1666149697	scottjancy	Scott Jancy
85233237	stephengarten	Stephen Garten
424646578	Giant_Agency	GIANT
397691933	MleHell	Emily Hellewell
538143820	tmilse	Tanya Ilse
599506444	DanielHCantwell	Daniel H Cantwell
226674167	ElCoopacabra	Chris Cooper
1006232250	Taraustralis	Taraustralis
86843469	mljinpdx	Meredyth Jensen
2908107542	psb_dc	Theo
751791318523936768	e_alpoge	Elif Alpoge
36524818	M_Verde	Miguelngel Verde
548880891	CMDCCanada	CMDC
82824408	martinpegan	Martin Pegan
733132895242625024	ClevelandVision	The Cleveland Vision
477295249	AmyNordrum	Amy Nordrum
2532696091	IoT_Evan	Evan Woollacott
35066567	RamonWickham	Ramn Wickham
1257745806	weareTFQ	The Female Quotient
2208340836	Pressboard	Pressboard
1496076200	scifipolicy	SciFi Policy Project
790726018650689536	CraigAnnand	Craig Annand
4332351760	WPMediaInsights	WPMediaInsights
14846672	cronanmcnamara	Cronan McNamara
24403046	RicardoVidal	Ricardo Vidal
242763001	dianabhenriques	Diana B. Henriques
249349171	JaimeCasasB	Jaime Casas
312427280	thecardigangirl	Andrina Fawcett
717846282488786944	scarlettamartin	Scarlett A. Martin
18358871	dougmost	Doug Most
20978354	annalewcock	Anna Nagle (Lewcock)
509139009	SusanneAlthoff	Susanne Althoff
274365008	MethodsMaven	Seth Rosenthal
20801504	Leeaallen	Lee Allen
700593	movito	Fredrik Matheson
16209582	jacquesbarcia	Jacques Barcia
16615405	markboothe	markboothe
1396549321	thisisInc	inc
250273227	KellyKrammes	Kelly Krammes
210823544	mihalistavlas	Mihali Stavlas
484440554	didayenu	Diana Ryan
142390469	codyjfoster	Cody J. Foster
190187084	TAKEaCiCi	Ccile Cremer
17322958	Ra_Joy	Ra Joy
54162765	scarletmerrill	Scarlet Merrill
67210156	AndyjudxUSA	Andy Jud
25453502	equartey	Emmanuel Quartey
191477653	CookPolitical	CookPoliticalReport
388494318	AngieMari217	Angelica Ocampo
2493627662	sfali789	SF Ali
47755118	marcperky	Marc Perkins
763813316619755520	sarahbockholtpr	Sarah Bockholt
22388918	melaniernewell	Melanie Newell
97295283	WorkMomTravels	Francesca
14956264	annhandley	Ann Handley
9711472	katesands	Kate Sands Adams
81376122	Priesling	Philipp David Pries
19950726	PeterCasey	Peter Casey
55090074	thesarahbennett	Sarah Bennett
16192263	Melianthe	Melianthe Kines
12910082	garynielson	Gary Nielson
1539343122	EMSatBU	Emerging Media at BU
1175427756	HeyTimGriggs	Tim Griggs
766720608	aerenbaum	Allie Erenbaum
853416498	elle4277	Elli Sloan
409580346	RushMillerFound	RushMillerFoundation
366870009	TheKCCD	KCCD
431627744	GuardianJessica	Jessica Reed
402096643	shapirobrian	ShapiroCommunication
334211333	CKefalas	Chrys Kefalas
765657298207399936	EduardoCaquias	Eduardo Caquias
12645292	andimcdaniel	Andi McDaniel
465471346	CEECG	CEE Consulting Group
41334146	elisabetta_silv	elisabetta silvestro
15393470	shaneguiter	Shane Guiter
30518000	ShLueck	Shane Lueck
86135542	laurenvicksen	Lauren Vick
136070924	SeanAntonOakley	Sean Oakley
4069768637	dbenstevens	Ben Stevens
2714541560	jonakland	Jon Akland
348887169	LeaderGrev	ikhail Klimentov
7783942	wendy_ray	Wendy Ray
3298660936	katiesgarro	Katie Sgarro
4455419774	MemberManApp	MemberMan
20438066	hillrat1156	Michael Fulton
741073239309443072	TianaEghdam	Tiana Y. Eghdam
333111972	soph_bern	Sophia Bernazzani
311557394	JesseSalazar	Jesse Salazar
581265931	RealJoelCesare	Joel
46117251	ashkosiewicz	AKosiewicz
56779607	alumalu	Aliya Karim
70859270	BSweeneyDC	Brendan Sweeney
757964534	KatherineERiley	Katie Riley
2616239030	LLabrovic	 Luka Labrovic
87554452	danielpkaufman	Dan Kaufman
75041621	pietropassarell	Pietro
353344542	NYTFridge	NYTFridge
17689909	jschmeling	James Schmeling
67693664	marylynnyoung	Mary Lynn Young
21346942	juditarenas	Judit Arenas
2562210073	aliza_goldberg	Aliza Goldberg
21287515	peterwklein	Peter W. Klein
5767912	AndrewCPark	Andrew Park
2911081	meghann	Meg Marco
36761621	IRIglobal	IRI
29093157	laurawheelers	Laura Wheeler
20342875	LouWoodley	Lou Woodley
532510646	RonLevinson	Levinson
331203039	LizEckert1	Liz Eckert
14355964	KilroyWasHere	Brice Russ
6418922	dwescott1	David Wescott
850914644	theSonalSehgal	Sonal Sehgal 
19575711	starbetter	Stephanie Arbetter
