27728562	sarawnews	Sara Weisfeldt
97040343	MerriamWebster	Merriam-Webster
53151247	GoldenGateNPS	Golden Gate NPS
65419678	DryTortugasNPS	Dry Tortugas NPS
70523764	BiscayneNPS	Biscayne NP
63966574	EvergladesNPS	Everglades Natl Park
185874758	AcadiaNPS	Acadia National Park
271060845	ArchesNPS	Arches National Park
3111736843	OlympicNP	Olympic NPS
316742293	MountRainierNPS	MountRainierNPS
186094017	NCascadesNPS	North Cascades NPS
66761483	WrangellStENPS	WrangellSt.Elias NPP
62719868	BlackCanyonNPS	Black Canyon NP
88756857	CraterLakeNPS	Crater Lake
65670121	BeringLandNPS	BeringLandBridgeNP
65671278	GatesArcticNPS	Gates Of The Arctic
65670632	GlacierBayNPS	Glacier Bay NP
66454524	KenaiFjordsNPS	Kenai Fjords NP
66453289	LakeClarkNPS	Lake Clark NPS
65672980	KatmaiNPS	Katmai NP
48033899	AlaskaNPS	Alaska NPS
45943457	DenaliNPS	Denali National Park
32887168	GlacierNPS	GlacierNationalPark
117874971	RedwoodNPS	Redwood N&S Parks
44991932	GrandTetonNPS	Grand Teton NP
24549680	LassenNPS	Lassen Volcanic NP
44992488	YellowstoneNPS	YellowstoneNPS
18726942	YosemiteNPS	Yosemite National Pk
45854669	SequoiaKingsNPS	Sequoia & Kings Cyn
23799310	JoshuaTreeNPS	Joshua Tree NPS
41675868	DeathValleyNPS	Death Valley NP
212304085	GrandCanyonNPS	Grand Canyon NPS
44984439	ZionNPS	Zion National Park
57339949	BryceCanyonNPS	Bryce Canyon NP
298047906	CanyonlandsNPS	CanyonlandsNPS
369615224	CapitolReefNPS	Capitol Reef NPS
111932837	PetrifiedNPS	Petrified Forest NP
429350258	PinnaclesNPS	PinnaclesNPS
247048493	GreatBasinNPS	Great Basin NPS
304392714	BadlandsNPS	Badlands Nat'l Park
27967896	BlackDiamond	Black Diamond
16191793	patagonia	Patagonia
16631821	backcountry	Backcountry
17977954	BackpackerMag	Backpacker Magazine
48028397	Marmot	Marmot
17810254	outsidemagazine	Outside Magazine
16583846	REI	REI
232268199	NYGovCuomo	Andrew Cuomo
38769433	JPeterDonald	J. Peter Donald
19834403	NYCMayor	Bill de Blasio
250884927	nycgov	City of New York
226631680	nycoem	NYCEM
16145875	NotifyNYC	NYCEM - Notify NYC
4406579955	FDNYAlerts	FDNYalerts
134846593	FDNY	FDNY
55338739	NYCMayorsOffice	NYC Mayor's Office
17393196	NYPDnews	NYPD NEWS
2801780500	NYPDONeill	Commissioner O'Neill
14930580	medeabenjamin	Medea Benjamin
15822295	codepink	CODEPINK
15382667	DianneG	Dianne Gallagher
46817943	brikeilarcnn	Brianna Keilar
108617810	DanaBashCNN	Dana Bash
54222784	StephanieElam	Stephanie Elam
151116120	pvercammencnn	Paul Vercammen
22539758	cwelchCNN	Chris Welch
21880023	CNNDenverPJ	Ken Tillis
568311929	CNNFieldSuper	Oliver Janney
199451056	ChiefDavidBrown	Chief David O. Brown
455768446	RobElgasABC7	Rob Elgas
28758060	DallasPD	Dallas Police Dept
818876014390603776	FLOTUS	Melania Trump
1093090866	FLOTUS44	First Lady- Archived
1536791610	POTUS44	President Obama
822215679726100480	POTUS	President Trump
25073877	realDonaldTrump	Donald J. Trump
50055701	MittRomney	Mitt Romney
7713202	SpeakerBoehner	John Boehner
115979444	DWStweets	D Wasserman Schultz
15764644	NancyPelosi	Nancy Pelosi
16789970	SenatorReid	Senator Harry Reid
216776631	BernieSanders	Bernie Sanders
357606935	elizabethforma	Elizabeth Warren
22720093	clmazin	Craig Mazin
375340663	MilMileSecrets	Million Mile Secrets
99745205	FrugalTravelGuy	Frugal Travel Guy
34176543	thepointsguy	The Points Guy
347986225	JWMarriott	JW Marriott Hotels
39502910	MarriottResorts	Marriott Resorts
41582924	MarriottRewards	Marriott Rewards
41890754	CourtyardHotels	Courtyard Hotels
14140913	MarriottIntl	Marriott Internat'l
31176167	RitzCarlton	The Ritz-Carlton
29493065	RenHotels	Renaissance Hotels
14369314	Marriott	Marriott Hotels
200163448	TheAcademy	The Academy
138060695	scottmclean	Scott McLean
17796721	robertmclean	Rob McLean
16639811	KellyMacCNN	Kelly McCleary
210185719	CNNTruckGuy	Michael Humphrey
115776136	theatershooting	Aurora Theater Trial
17238525	larryryckman	Larry Ryckman
438065342	rwmccallum	Rob McCallum
1908905455	ShakiraShocks	Shakira
246920706	CNNLADavid	David Daniel
16050807	toriblaseCNN	toriblaseCNN
27443744	rosemaryCNN	Rosemary Church
16977333	Zimm10	Beau Zimmer
16625082	ryanobles	Ryan Nobles
9466582	hankstv	Henry Hanks
2753095495	TeriGenovaCNN	Teri Genova
15224867	andersoncooper	Anderson Cooper
22242298	CNNJanet	CNNJanet
20166819	Sattiewhite	Travis Sattiewhite
577122602	BrianPCarberry	Brian Carberry
22076537	RyanFSloane	Ryan Sloane
17291529	ZarrellaJohn	John Zarrella
18834419	bradenCNN	Braden Walker
107105139	CNNJeremy	Jeremy Grisham
24717372	JennSukhraj	Jennifer Sukhraj
29387336	PCornellCNN	Patrick Cornell
23517712	WTKR3	WTKR News 3
16462068	wjxt4	News4JAX
4170491	ajc	AJC
14446853	KyleSieg	Kyle Sieg
21094888	wsbtv	WSB-TV
18849977	JoshBreslowWKRN	Josh Breslow
14445574	MilesDoran	Miles Doran
553641299	ClassicTessa	Tessa
842115044	RadinaCNN	Radina Gigova
17965337	TheJohnBranch	John Branch
15320603	CNNValencia	Nick Valencia
33971020	JoshLevs	Josh Levs
292084534	IsabelCarro	Isabel Carro
242098879	WynnWs	CNNWynn
22678323	andago101	Andres Gonzalez
22230301	mollycnn	Molly Hart
15485441	jimmyfallon	jimmy fallon
599477176	bcCoz	Brendan Cosgrove
42096516	andibabs	Andi Babineau
25446428	shawnacallebs	Shawna Callebs
13417432	jbinder	Jonathan Binder
39363407	Janet_Ahn	Janet Ahn
166270127	TimTebow	Tim Tebow
19609219	ufalumni	UF Alumni
39533864	GatorsFB	Gators Football
31158541	dianaholden	Diana Tollison
28100678	UFJSchool	UF J-School
30870308	FloridaGators	Florida Gators
44168607	UF	FLORIDA
356297242	jamiekCNN	Jamie K. White
35765068	JulieMWinch	Julie Winch
16080769	jmeucci	Jason Meucci
844364659	CNNNSdigital	Newsource Digital
75093019	CNNNewsource	CNN Newsource
71349174	CNNPR	CNN Communications
108806652	karincaifaCNN	Karin Caifa
57768217	SunlenSerfaty	Sunlen Serfaty
44935627	NatSecCNN	CNN NationalSecurity
115485051	ConanOBrien	Conan O'Brien
282221898	AmandaReportsDC	Amanda Sansone
9624742	StateDept	Department of State
43379402	GeorgeHowellCNN	George K. Howell
1330457336	billclinton	Bill Clinton
27427798	AkikoFujita	Akiko Fujita
1054791528	CNNFC	CNN Football
793111508	fontaneity	Chadwick Parks
5695632	BuzzFeed	BuzzFeed
104446737	GaryTuchmanCNN	Gary Tuchman
15007149	JohnKerry	John Kerry
818910970567344128	VP	Vice President Pence
325830217	VP44	VP Biden (Archived)
19771433	JordanCNN	Jessica Jordan
236488883	CNNVideo	CNN Video
79866048	MartinSavidge	Martin Savidge
525447260	YonPom	Yon Pomrenze
19339460	AnneClaireCNN	AnneClaire Stapleton
17561174	chas218	Chas
92567483	SteveNannes	Steve Nannes
386211657	ToryDunnanTV	Tory Dunnan
2680112214	CNNKatelyn	Katelyn Petroka
2364627817	PoloSandovalCNN	Polo Sandoval
5741722	nprpolitics	NPR Politics
19877186	chelseahandler	Chelsea Handler
428333	cnnbrk	CNN Breaking News
34310801	CNNSitRoom	The Situation Room
71294756	wolfblitzer	Wolf Blitzer
44030337	davematthewsbnd	dave matthews band
14194036	cl_atlanta	Creative Loafing ATL
227837742	AC360	Anderson Cooper 360
54320038	DrewGriffinCNN	Drew Griffin CNN
29290892	RealKylerPost	Kyler Post
195562130	Feigel_Flavors	Alice Feigel
21162116	lynnmariefranco	Lynn Marie Franco
34350419	errolbarnett	errol barnett
49204865	BrookeBCNN	Brooke Baldwin
18170896	drsanjaygupta	Dr. Sanjay Gupta
158414847	TheDailyShow	The Daily Show
2097571	cnni	CNN International
33960482	ClancyReports	Jim Clancy
