115522779	samuelcnn	Samuel Burke
27090222	BobWoodruff	Bob Woodruff
509570382	JRDAWSONTV	John Dawson
761197444017352705	sjharrison10	Simon Harrison
761373803708424192	Chil3design	Chil3
555825990	ZainAsher	Zain Asher
330961032	afernandez70	Antonio Fernndez
33274835	ericschiffer	Eric Schiffer
104952689	LaMonicaBuzz	Paul R. La Monica
14855279	JeffreyHayzlett	Jeffrey Hayzlett
284404480	freya_cole	Freya Cole
30059550	simonmainwaring	Simon Mainwaring
16001350	elisewho	Elise Hu ( )
305130745	molkoreports	David Molko
44317593	ishaantharoor	Ishaan Tharoor
721235584702742528	AndrewB58778521	Andrew Brown
752576840	QuakesJapan	Japan Earthquakes
719776022116331521	Hanstiens	Hans Loon
41789292	NegarMortazavi	Negar 
20159596	juliamacfarlane	Julia Macfarlane
26548315	soledadobrien	Soledad O'Brien
25073877	realDonaldTrump	Donald J. Trump
260062202	pocockdavid	David Pocock
17831767	ljayes	Laura Jayes
16834659	SkyNewsAust	Sky News Australia
156464691	7NewsSydney	7 News Sydney
582386994	BrianRhoadsHK	Brian Rhoads
1376852185	KhaosodEnglish	Khaosod English
15082180	prachatai_en	Prachatai English
107438849	Rajprasong_News	Rajprasong_News
23744334	Simind	Simin Demokan
43379402	GeorgeHowellCNN	George K. Howell
22090282	BoeingAirplanes	Boeing Airplanes
14892330	jonostrower	Jon Ostrower
110891415	liowtionglai	Liow Tiong Lai
132630648	HishammuddinH2O	Hishammuddin Hussein
306455874	karlpenhaul	Karl Penhaul
16790565	CNNJason	Jason Morrell
34310801	CNNSitRoom	The Situation Room
21694005	ben_hansen	Ben Hansen
151319457	SAR_NASIONAL	Badan SAR Nasional
17940246	tonyfernandes	Tony Fernandes
20522862	JohnBerman	John Berman
22919665	AirAsia	AirAsia
759251	CNN	CNN
322603418	ErinBurnett	Erin Burnett
34635985	algoodmanspain	Al Goodman
361342191	OutFrontCNN	OutFrontCNN
339394135	MaryLloyd4	Mary Lloyd
48719536	ErinCNN	Erin McLaughlin
312761413	VanDamCNN	Derek Van Dam
303627356	LyndaKinkade	Lynda Kinkade
2500228280	ChinesetvYang	George Yang
2306253116	MitziBorromeo	Mitzi Borromeo
150958064	anjalitsui	Anjali Tsui ()
115510918	saramccnn	Sara McDonald
2794955749	HKFS1958	 HKFS
52667463	Frederikbalfour	Frederik Balfour
217304598	PekingMike	Mike Forsythe  
2597740346	HongKongEagle	Jonathan
941197034	speakwrite1	Deborah Kennedy
204623845	RobynMeredith88	Robyn Meredith
24097980	pangpang33	Nicole Pang
218810113	chrismdwyer	finefooddude
36232558	matt_burley	Matt Burley
29360288	matsbooth	Mat Booth
21391002	HilaryCNN	Hilary Whiteman
22369057	RALITSACNN	ralitsa vassileva
54331728	angelcanales	Angel Canales
17938103	wilfredchan	Wilfred Chan
22069044	scottreevesCNN	Scott R
23472117	dimagnay	Diana Magnay
628277574	ThisisMallika	Mallika Kapur
17344272	JomanaCNN	jomana karadsheh
108617810	DanaBashCNN	Dana Bash
17317028	McKenzieCNN	David McKenzie
92503159	SaimaMohsin	Saima Mohsin
20515845	jflorcruzCNN	Jaime FlorCruz
21013096	CRrileyCNN	Charles Riley
14515799	brianstelter	Brian Stelter
119048111	barbarastarrcnn	Barbara Starr
45536687	mchancecnn	Matthew Chance
116658090	JimBouldenTV	Jim Boulden
17316885	DavidClinchNews	David Clinch
85243004	IvanCNN	Ivan Watson
280868082	jethromullen	Jethro Mullen
367086404	npwcnn	Nick Paton Walsh
23922797	SCMP_News	SCMP News
2787223583	vaccinefacts2	katie williams
118097144	judyHRW	Judy Kwon
109471001	PhilBlackCNN	Phil Black
24797315	NicRobertsonCNN	Nic Robertson
86902774	PHancocksCNN	Paula Hancocks
16434826	atikaCNN	Atika Shubert
78240297	davidpilling	david pilling
295849947	mcgregorrichard	Richard McGregor
717110832	RozChin	Rosalind Chin
22771961	Acosta	Jim Acosta
632104194	sophia_yan	Sophia Yan 
22129280	jimsciutto	Jim Sciutto
107078762	JDefteriosCNN	John Defterios
18996618	eliselabottcnn	Elise Labott
303708410	dlaje	Diego Laje
107968028	ForbesAsiaPaul	Paul Armstrong
47120224	PATRICKCNN	patrickcnn
27901418	CandyCrowley	Candy Crowley
47095259	EdCNN	Ed Meagher
24958721	TimListerCNN	Tim Lister
21853673	RaviAgrawalCNN	Ravi Agrawal
385534328	IreneChapple	Irene Chapple
388388260	IsaCNN	Isa Soares
15096096	LisaMirandoCNN	Lisa Mirando
25333609	HalaGorani	Hala Gorani
33933259	UNICEF	UNICEF
45544324	sarasidnerCNN	Sara Sidner
17325090	arwaCNN	Arwa Damon
16435865	paulanewtonCNN	Paula Newton
14529929	jaketapper	Jake Tapper
71294756	wolfblitzer	Wolf Blitzer
32335189	amcoren	anna coren
2788023241	varsitycuhk	Varsity CUHK
16834046	CARE	CARE (care.org)
59536152	angeladol	Angela Doland
18171703	MariaSantanaCNN	Maria Santana
2670522330	TomSaterCNN	Tom Sater
159714480	anniegowen	Annie Gowen
105531612	RichardRothCNN	Richard Roth
106665880	KarlPenhaulCNN	Karl Penhaul
161813561	KeithBradsher	Keith Bradsher
16389180	NajibRazak	Mohd Najib Tun Razak
19106719	MAS	Malaysia Airlines
26275704	Stone_SkyNews	Mark Stone
22138134	willripleyCNN	Will Ripley
761052414	GeoffreyT_Air	Geoffrey Thomas
31385551	Erlend_SL	Erlend Johannesen
34615731	EarthUncutTV	James Reynolds
248784419	cameramanCNN	Paul
69181624	camanpour	Christiane Amanpour
1124957676	essipang	Esther Pang
35362720	sclark_melbs	Samuel Clark
902049542	PatriciaWuNYC	PatriciaWu
18559380	CNNInternatDesk	International News
16299754	RamCNN	Ram Ramgopal
5988062	TheEconomist	The Economist
35903137	alexthomascnn	Alex Thomas
82826066	MonitaRajpal	Monita Rajpal
36789856	vausecnn	john vause
41814169	FareedZakaria	Fareed Zakaria
30043495	JohnKingCNN	John King
20419538	misyrlena	Misyrlena
14246001	mikeallen	Mike Allen
478284331	steven_irvine	Steven Irvine
18671144	iainmorris	Iain Morris
29663932	AshaPhillips	Asha Phillips
36295341	bramston	Mark Bendeich
50219508	HanaRAlberts	Hana R. Alberts
16466545	afinighan	Adrian Finighan
69480815	PoppyHarlowCNN	Poppy Harlow
89787662	IshaSesayCNN	Isha Sesay
300088879	crackingjen	Jenny Moloney
23756432	JonathanMannCNN	Jonathan Mann
35094823	PaulineChiou	Pauline Chiou
31432492	maggielake	Maggie Lake
25468225	danriversitv	Dan Rivers
23311675	MIJamjoom	Mohammed Jamjoom
33960482	ClancyReports	Jim Clancy
62744004	CharlesHodsnCNN	Charles Hodson CNN
83590349	bencnn	benwedeman
23572083	fpleitgenCNN	Frederik Pleitgen
78231411	KyungLahCNN	Kyung Lah
16432584	donriddellCNN	Don Riddell
25030569	andrewhenstock	Andrew Henstock
155954125	MaxFosterCNN	Max Foster
317291424	RamyInocencio	Ramy Inocencio
6439652	PeterBale	PeterBale
17998255	roywadia	Roy Wadia
34312259	holmescnn	Michael Holmes
108915866	GayleCNN	Gayle Edmond
77444951	NdosSantosCNN	Nina dos Santos
86975611	relevantorgans	The Relevant Organs
29118823	MCELHERON	Derrick McElheron
165749122	CNNElite	CNN Elite
19851562	cnnobservations	CNN Observations
129232975	JohnCNN	John Sanders
16378486	AliVelshi	Ali Velshi
29558838	jendelgadotv	JEN DELGADO Weather
15914894	PBoykoff	PBoykoff
48304769	psailes	Paula Sailes
23744263	AdamMCharlton	Adam Charlton
17862939	saritaCNN	Sarita Harilela
181861293	NicolITV	Nicol Nicolson
97812477	sechakales	Sarah Chakales
60190879	marypcnn	mary primiano
196874769	ally_barnard	Ally Barnard
18965916	hughriminton	Hugh Riminton
88711812	RaviCNN	Ravi Hiranand
22587869	klustout	Kristie Lu Stout 
106348473	cnnasiapr	CNN Asia Pacific
15097618	JournoDylan	Dylan Reynolds
22418925	MariRamosTV	Mari Ramos
