356354647	SGWantuck	Susan Giles Wantuck
15238365	ssouth	Sarah
89887215	Yamiche	Yamiche Alcindor
4332351760	WPMediaInsights	WPMediaInsights
540064051	WashPostLife	Washington Post Life
4056056338	WapoEngineering	WashPost Engineering
21283548	sprakash007	Shailesh Prakash
68475814	CatholicUniv	Catholic University
478215917	erika_bergman	Erika Bergman
14459525	cguess	Christopher Guess
65426385	caitlinroper	Caitlin Roper
834396852573392897	crooked_friends	With Friends
8241232	AnthonyQuintano	Anthony Quintano 
528825986	colintdwyer	Colin Dwyer
2252620428	SineadEOShea	Sinead O'Shea
615524520	NihalKrishan	Nihal Krishan
240031158	lizzyhardison	Lizzy Hardison
739809170	katemshepherd	Katie Shepherd
31636500	lateshiabeachum	Lateshia Beachum
885149478	JenGriffinFNC	Jennifer Griffin
297532865	kwelkernbc	Kristen Welker
299802277	BraddJaffy	Bradd Jaffy
567940292	kaitlynkrasselt	Kaitlyn Krasselt
107126428	VandyLibraries	Vanderbilt Libraries
17333233	bfreilly	Bernard Reilly
30029701	kenpaulson1	Ken Paulson
795845999289712640	RonTuriello	Ron Turiello
96423759	LexiBelc	Lexi Belculfine
31165127	tomjanuszewski	Tom Januszewski
826751810425720832	JosephWPayton	Joey Payton
72988451	DannyBoyy2	Danny Gomez
12609882	abeaujon	Andrew Beaujon
471672239	KellyannePolls	Kellyanne Conway
255484000	clarkkathleen	Kathleen Clark
822215679726100480	POTUS	President Trump
170090083	Swhelguy	Steve Whelan
808917377480015873	Happy_Warriors	Happy Warriors
358195554	DougAllanCamera	Doug Allan
183284897	JaneHallAU	Jane Hall
25874570	PDriscollTBT	Paul Driscoll
4150746376	janaheigl	Jana Heigl
14267595	wrayherbert	wray herbert
1051396218	Evan_McMullin	Evan McMullin
14911886	jtlevy	jtlevy
2913086589	EllieGSing	Ellie Singer
3503134762	GUcstpubliclife	Georgetown CST
95455546	MiriamValverde	Miriam Valverde
378752087	MichaelDoyle10	Michael Doyle
369102048	TPrepCurrent	The Current
1928576989	MrMarcusTPrep	Mr. Marcus
453319164	EJDionne	EJ Dionne
784085604485050368	ObservingWI	The Observatory
49754066	klz4k	Katie Zanecchia
50446226	jonathanchait	Jonathan Chait
3610798037	PolitiFactMo	PolitiFact Missouri
747834623686774784	NYPolitiFact	PolitiFact New York
19618184	hiattf	Fred Hiatt
14324927	Asjylyn	Asjylyn
382685028	SRuhle	Stephanie Ruhle
201766091	RileySnyder	Riley Snyder
722795684496158720	theinclinepgh	The Incline
2699092074	billy_penn	Billy Penn
17522605	KDOReilly	Kerry O'Reilly
749640119766966272	politifactlive	PolitiFact Live
49986034	petridishes	Alexandra Petri
61734492	Fahrenthold	David Fahrenthold
10921712	jonnew	Jon Newman
19515626	lfleeson	Lucinda Fleeson
2990875067	CAPolitiFact	PolitiFactCalifornia
48120914	SopanDeb	Sopan Deb
897998330	codonnell_Times	Chris O'Donnell
2922928743	danpfeiffer	Dan Pfeiffer
1542228578	JDVance1	J.D. Vance
22302678	betsy_klein	Betsy Klein
45653696	WardBaker	Ward Baker
2223157392	NormOrnstein	Norman Ornstein
150224923	SiCarswell	Simon Carswell
115758601	Em_Wilkinson	Emily Wilkinson
16637204	WEWS	News 5 Cleveland
119945205	MarkPuente	Mark Puente
15679641	dallasnews	Dallas Morning News
715951552796762112	DefenseDigital	Defense Digital Svc
14320293	matthewjweaver	 weaver 
125529066	brookevandam	Brooke Van Dam
85359208	dr_teng	Adam Burakowski
1099960304	homesweethome	The Sweethome
207672751	callumborchers	Callum Borchers
39000115	KatyTurNBC	Katy Tur
11856032	NBCPolitics	NBC Politics
17047202	unthinkingly	Chris Blow
482459071	checkdesk	Check
285236647	LeticiaBode	Leticia Bode
46140767	danmacg	Dan Mac Guill
176414763	Chequeado	Chequeado
3333295640	SouthAsiaCheck	South Asia Check
137806147	scribehernan	Hernn Rozemberg
116877838	MishaAngrist	Misha Angrist
153530206	PGDougSchneider	Doug Schneider
68467109	ericlitke	Eric Litke
29342066	AlisonDirr	Alison Dirr
160726477	MSpicuzzaMJS	Mary Spicuzza
29455548	PamelaKirkland	Pamela Kirkland
357606935	elizabethforma	Elizabeth Warren
21254873	audiomom	(((Fran)))
14591406	alexweprin	Alex Weprin
287820594	WhitakerAlmanac	Bob Whitaker
3718088413	WaggonnerCenter	The Waggonner Center
19632912	jgasspoore	Jordan Gass-Poore'
193353562	BenBrodyDC	Ben Brody
39648956	ambrosiality	(((sirea)))
523282189	chandan_lama	Chandan Lama
18222379	SCMitchP	Mitch Pugh
14265924	jaspar	Jason Emory Parker
703928022	Drogyn1701	Drogyn
60054555	DavidGX	DavidGX
1101377533	McCourtSchool	McCourt School
3386436927	GUPolitics	Georgetown Politics
1536600704	HashtagGriswold	Alex Griswold
110823581	IIPCoordinator	Jonathan Henick
14345137	cunyjschool	CUNY J-School
448020262	tkcuny	Tow-Knight Center
16071123	C_and_E	Campaigns&Elections
5840942	shanegreer	Shane Greer
289319861	AndyMuckaluck	Andrew McCullough
152997972	WIPLive	Washington Ire. Prog
443822230	danesekenon	Danese Kenon
295869743	NuVeganCafe	NuVegan Cafe
1566746503	acormier_bzfd	Anthony Cormier
2909713155	PulitzerPrize	The Pulitzer Prizes
1404913814	ivohMedia	ivoh
109025212	JohnDingell	John Dingell
4846311471	PolitiFactNV	PolitiFact Nevada
33838201	googleresearch	Google Research
17933572	tamarwilner	(((tamarwilner)))
19729690	Mallikarjunan	Sam Mallikarjunan
60331678	naeemulhassan	Naeemul Hassan
3308323404	ClaimBusterTM	ClaimBuster
19190645	joshjmac	Joshua McElwee
298137288	McCartneyWP	Robert McCartney
2290470638	KKiermaier39	Kevin Kiermaier
4924987672	sharethefact	Share the Facts
703317563682463744	PolitiFactNC	PolitiFact NC
68611923	VaughnHillyard	Vaughn Hillyard
9864112	loriara	lori aratani
15537227	LouisianaTravel	Louisiana Travel
2351909388	HanifJazayeri	M. Hanif Jazayeri
2896161298	sapnachirps	Sapna Sharma
3039617932	Whitjustice1	Whitney Cooper
4497126976	PolitAdArchive	PoliticalTVAdArchive
1213545584	GinaPresson	Gina Presson
531648876	AnnahBackstrom	Annah Backstrom
17890544	nixonron	nixonron
3780315496	factchecknet	IFCN
20439615	brodiegal	Nechama Brodie 
89552596	mujschool	Missouri Journalism
126722715	abbydphillip	Abby D. Phillip
29505987	HamburgInn	Hamburg Inn No. 2
27580565	MichaelAuslen	Michael Auslen
18638502	danbharris	Dan Harris
102789488	PostScottWilson	Scott Wilson
20083388	PatriciaMazzei	Patricia Mazzei
212015843	alxnsnchz	Alex Sanchez
2910022539	NBCBLK	NBC BLK
14275423	mattseaton	Matt Seaton
120242955	davidlaskin	David Laskin
91156911	WmBrangham	William Brangham
99974360	lisettewalking	Lisette Alvarez
1511299686	emmaogreen	Emma Green
138895307	LPratapas	Lauren Pratapas
633731164	AllJournalism	It's All Journalism
50024361	nancycbarnes	Nancy Barnes
2303410898	LoebVernon	Vernon Loeb
11860852	auroralosada	Aurora Losada
50009231	NTLive	NT Live
367566714	RobertoOsuna1	Roberto Osuna
45511031	jiveDurkey	J.D. Durkin
417755447	metinalista	Metina lista
14160315	DC43	Nataa Briki
306413439	PRPDorg	PRPD
165505956	chelsea_janes	Chelsea Janes
85603861	AdamKilgoreWP	Adam Kilgore
16319761	dskok	David Skok
18025557	drgridlock	Dr. Gridlock
1465468099	AStraussInst	Annette Strauss Inst
388473238	LawrenceRegina	Regina Lawrence
24377236	ayaelb	Aya Batrawy
787698744	EditorLinnea	Linnea Edmeier
52591694	christhejourno	Chris Nichols
935755082	SEMcNicholl	Susan McNicholl
21495286	davelevitan	Dave Levitan
82428349	ESPNeddiematz	Eddie Matz
281008995	shanamatron	Shannon Crawford
223882132	taylakaye	Tayla Burney
409787405	ShawnHarmsen1	Shawn Harmsen
16458033	_amita_	Amita Kelly
110445334	megynkelly	Megyn Kelly
202340457	DianeSwonk	Diane Swonk
18081794	rontimes	Ron Brackett
294401385	ChrisHartline	Chris Hartline
3245142196	googlenewslab	Google News Lab
