1466529702	wechatit	WeChat Italia
1489963422	aghizzon	andrea ghizzoni
13939772	CharlieBeckett	Charlie Beckett
199247233	AdamCommentism	Adam Smith
278404189	kelseydarragh	kelsey darragh
30541945	calliarmelle	Callia A. Hargrove
84101711	emgaynor	Emily Gaynor
32871086	kylegriffin1	Kyle Griffin
824654940882825218	tnypoetry	TNY Poetry
140602153	tashweenali	Tashween Ali
125453969	neeratanden	Neera Tanden
804015436979277824	crookedmedia	Crooked Media
218567398	elliotsalazar	Elliot Salazar
24190981	TeenVogue	Teen Vogue
776429002030510081	Journalism_360	Journalism 360
25108518	Womens_eNews	Women's eNews
155784594	TVietor08	Tommy Vietor
14129299	nicopitney	Nico Pitney
788841	vickiho	Victoria Ho
123353483	wilwohl	Joshua Wilwohl
11584622	Brizzyc	Carrie Brown
16467526	heyhannahray	Hannah Ray
15974588	rbole	Rob Bole
39840875	brekkefletch	Brekke Fletcher
1561781953	fullstack	Fullstack Academy
458699001	AprilWalloga	april walloga
353737617	SallieKrawcheck	Sallie Krawcheck
275400473	sophiaamoruso	SOPHIA AMORUSO
1596639318	GIRLBOSS	Girlboss
3355326352	Ellevest	Ellevest
326315947	OptionsAction	Options Action
271211220	RiskReversal	Dan Nathan
16732770	CNBCFastMoney	CNBC's Fast Money
39264827	GuyAdami	Guy Adami
1435105273	DJWofficial	Digital Journalism
3033098871	TheUndefeated	The Undefeated
64544431	Lisa_Eldridge	Lisa Eldridge
430226489	Storyhunter	Storyhunter
466749435	AlexRagir	Alex Ragir
718786183413665792	VGMarketingPR	Veritas Group
20800915	zerosum24	roberto pedone
22522178	ReformedBroker	Downtown Josh Brown
50374439	tomhanks	Tom Hanks
127395849	weedguy420boner	Breakfast Haver
180840144	storyfulpro	StoryfulPro
14834340	jayrosen_nyu	Jay Rosen
253389132	Meena_Thiru	Meena Thiruvengadam
826309249315725312	TrumpDraws	Trump Draws
28785486	ABC	ABC News
85243004	IvanCNN	Ivan Watson
14733894	Joey_Galvin	Joe Galvin
15613458	106th	Mark Sundstrom
1881306246	kristineberth	Kristin Eberth
304392714	BadlandsNPS	Badlands Nat'l Park
3131414463	visual_country	Visual Country
403083571	iamandymcdonald	Andy McDonald
97040343	MerriamWebster	Merriam-Webster
10140	nicco	nicco mele
688483	jonsteinberg	Jon Steinberg 
700784500658208768	cheddar	Cheddar
1329601190	ajreid	Alastair Reid
22637974	barstoolsports	Barstool Sports
587188423	MelissahYang	Melissah Yang
118664268	RobBourke	Robert Bourke
16456572	PressReader	PressReader
1431301	jhoffman	Jordan Hoffman
704518623662964740	ReutersUGC	ReutersUGC
16051471	donlemon	Don Lemon
19158981	joshbegley	Josh Begley
350491497	notjerryclayton	Jerry
163562125	norm	Norm Kelly
52596376	JohnAvlon	John Avlon
128738898	ktzhu	katie zhu
12796402	rsm	Rebekah  Monson
383647766	GregJKrieg	Greg Krieg
1493876599	EnterVR	Enter VR
390343030	RtoVR	Road to VR
71895597	VRScout	VRScout
172207561	CoyWire	Coy Wire
1020383864	GIPHY	GIPHY
751560747566510081	Snap	Snap Inc.
11740902	tferriss	Tim Ferriss
19411556	Anomaly	Anomaly
30100884	corybe	Cory Bergman
19150955	isasun	Isa Sonnenfeld
5692542	statesman	Austin Statesman
999659137	MaxKoziolek	Max Koziolek
19652525	MeinolfEllers	Meinolf Ellers
19670686	sarahsinger	Sarah Singer
8768312	NabilWakim	Nabil Wakim
19037859	Kennedy_School	HarvardKennedySchool
205969794	leasteinacker	La Steinacker
14985683	jigarmehta	Jigar Mehta
9944032	richardgingras	Richard Gingras
29006114	LatoyaPeterson	Latoya Peterson
1068831	slashdot	Slashdot
151116120	pvercammencnn	Paul Vercammen
487312107	WeChatApp	WeChat
17478565	coreyford	Corey Ford
20398450	webjournalist	Robert Hernandez
87818409	guardian	The Guardian
7587032	SkyNews	Sky News
612473	BBCNews	BBC News (UK)
69329527	BBCNorthAmerica	BBC North America
14138785	TelegraphNews	Telegraph News
303862998	PDChina	People's Daily,China
16343974	Telegraph	The Telegraph
487118986	XHNews	China Xinhua News
16973333	Independent	The Independent
1642135962	BBCNewsAsia	BBC News Asia
711803	Nico	Nico Lumma
17673635	livemint	Livemint
61734492	Fahrenthold	David Fahrenthold
18992997	witnessorg	WITNESS
509353154	WITNESS_Lab	WITNESS Media Lab
14078342	kstevensonnyc	k.stevenson
14697685	bbcstories	BBC Stories
115704086	OnestoWatch_TV	Ones To Watch
36664838	_Sampat	Ravin Sampat
34664371	mariaressa	Maria Ressa
5426712	Riy	Riyaad Minty
328147941	DomRech	Dominic Rech
17938103	wilfredchan	Wilfred Chan
135160948	jd_crowley	J.D. Crowley
69671186	ElectricLit	Electric Literature
2903979971	lithub	Literary Hub
21159506	jgrusd	Jared Grusd
3363184645	MobileMeYou	MobileMe&You
3131353587	reader	BuzzFeed Reader
1384338451	moustafaalarab3	moustafa alarab
25261154	skenigsberg	Sara Kenigsberg
208397722	Reverend_Scott	Reverend Scott
17023277	nytimesvows	NY Times Weddings
704109334918275072	jennawolfeshow	The Jenna Wolfe Show
204689811	YusufOmarSA	Yusuf Omar 
78293304	ElaineWelteroth	Elaine Welteroth
333023189	alexmmarshall6	Alex Marshall
29067808	SkyTNewton	Thomas Newton
20180069	lfitzmaurice	Larry Fitzmaurice
14996609	kellyfincham	Kelly Fincham
312544085	marcusmabry	Marcus Mabry
37755425	LisaECNN	Lisa Orkin Emmanuel
314251309	DoctorGuff	Samantha Guff
14319557	tlkaplan	Tracy Kaplan
2139211	magicandrew	Andrew Fitzgerald
220369085	chmeredith	Charlotte Meredith
119491006	amychozick	Amy Chozick
258987500	NYCComedyCellar	The Comedy Cellar
107852138	TauhidChappell	Tauhid Chappell
380749300	Apple	Apple
32769646	Christie_Majors	Christie Majors
516032904	sageboggs	Sage Boggs
23141473	calvinstowell	Calvin
107329106	MasatoKJ	Masato Kajimoto
2994695076	MakeSenseNews	MakingSenseOfTheNews
183585551	Channel4	Channel 4
208039932	jonlaurence	Jon Laurence
25489574	brianwhelanhack	Brian Whelan
14420872	smfrogers	Simon Rogers
18215662	SebastianComedy	Sebastian Maniscalco
246496809	HilkeSchellmann	Hilke Schellmann
3397928440	sofiargross	Sofia Gross
17813980	mitrakalita	S. Mitra Kalita
83990815	karenyuan_	Karen Yuan
13784322	waitwait	waitwait
100399816	allisondmorrow	Allison Morrow
441258025	Isa_Chapman	Isabelle Chapman
216869997	tymnarmstrong	Tymn
89414788	JMSCHKU	JMSC
21852720	MitraCNN	Mitra Mobasherat
65551087	HayesBrown	Hayes Brown
3245142196	googlenewslab	Google News Lab
3450662892	AMPhtml	AMP Project
66267332	MrDanZak	Dan Zak
22872643	kellyoxford	kelly oxford
16795445	RimaKader	Rima Abdelkader
2600147630	RapplerID	Rappler Indonesia
41349723	nadiavetta	NV Hamid
77677321	kcabal25	Kaye Cabal
330826792	rapplerdotcom	Rappler
9876702	alansoon	Alan Soon
29663932	AshaPhillips	Asha Phillips
14880580	JanieOctia	Janie Octia
358075037	Anna__Conrad	Anna Conrad
191332968	caityweaver	Caity Weaver
309118988	LorSembra	Lorraine Sembra
392886265	KineticSocial	Kinetic Social
107549739	blathnaidhealy	Blathnaid Healy
274714964	JoshuaChavers	Joshua Chavers
16059361	cstraight	Cathy Straight
52474702	DeanPraetorius	Dean Praetorius
266039982	public__emily	Emily  Diamond
20362946	IngaThordar	Inga Thordar
153029178	brianneobrien	Brianne O'Brien
1128229388	alizaslav	Ali Zaslav
17896874	itsnicethat	It's Nice That
20228975	presentcorrect	Present & Correct
35638637	tahseenmachine	Tahseen Rabbi
18207451	delia_p	DELIA PAUNESCU
113831189	Studio20NYU	Studio 20
